feature,importance
solar_elevation_proxy,0.8532822626702461
cloud_cover,0.12573173075960678
temperature,0.004179718734678063
pressure,0.003626023351052756
wind_speed,0.0035836143692504112
humidity,0.0034067419448167613
temp_humidity_interaction,0.0032031336006979427
hour_sin,0.0014640742724944345
hour_cos,0.001208834372718325
month_sin,0.00012037557619654378
month_cos,0.00010058422710270357
season,6.385883852648781e-05
is_daytime,2.904728261269422e-05
