Model,Test_MAE,Test_RMSE,Test_R2
Linear Regression,24.013178216240178,38.82782349388274,0.8461963771937439
Random Forest,14.883559514705444,25.773896093618735,0.9322295111190759
Gradient Boosting,14.795623396555898,25.513908898075385,0.9335898482228862
Random Forest (Tuned),14.504366170649416,25.68832725530559,0.9326787575683188
